market_name,full_date,temperature_max_c,temperature_min_c,precipitation_sum_mm,disruption_alert
Pune,2026-09-17,29.3,22.3,9.3,Normal
Pune,2026-09-18,30.3,22.3,2.2,Normal
Pune,2026-09-19,28.9,22.9,4.7,Normal
Pune,2026-09-20,32.6,22.5,3.5,Normal
Pune,2026-09-21,31.9,22.9,7.4,Normal
Pune,2026-09-22,29.3,22.7,7.1,Normal
Pune,2026-09-23,30.2,22.9,2.8,Normal
Pune,2026-09-24,30.5,22.8,1.2,Normal
Nashik,2026-09-17,28.2,21.9,4.3,Normal
Nashik,2026-09-18,26.9,21.9,3.9,Normal
Nashik,2026-09-19,28.9,21.6,0.3,Normal
Nashik,2026-09-20,29.5,21.2,2.1,Normal
Nashik,2026-09-21,30.6,23.0,2.1,Normal
Nashik,2026-09-22,28.6,22.5,2.7,Normal
Nashik,2026-09-23,29.8,22.7,0.8,Normal
Nashik,2026-09-24,30.3,23.0,0.5,Normal
Lasalgaon,2026-09-17,28.4,22.0,3.7,Normal
Lasalgaon,2026-09-18,28.4,21.9,2.3,Normal
Lasalgaon,2026-09-19,30.2,21.8,0.0,Normal
Lasalgaon,2026-09-20,29.8,21.2,1.0,Normal
Lasalgaon,2026-09-21,31.3,22.9,1.1,Normal
Lasalgaon,2026-09-22,29.5,23.0,3.9,Normal
Lasalgaon,2026-09-23,31.0,22.8,0.4,Normal
Lasalgaon,2026-09-24,32.1,23.1,0.1,Normal
Wagholi,2026-09-17,30.0,22.7,9.9,Normal
Wagholi,2026-09-18,30.8,22.1,1.3,Normal
Wagholi,2026-09-19,29.2,22.9,13.4,Normal
Wagholi,2026-09-20,31.9,22.8,2.7,Normal
Wagholi,2026-09-21,31.6,23.2,4.5,Normal
Wagholi,2026-09-22,29.9,23.1,5.7,Normal
Wagholi,2026-09-23,31.3,23.3,2.7,Normal
Wagholi,2026-09-24,31.5,23.2,1.3,Normal
